{
    "dbb": {
        "prefixes": {
            "main": "%",
            "servers": {}
        },
        "owners": [
            "323505514619076619"
        ]
    },
    "discord": {
        "servers": {},
        "members": {},
        "users": {
            "323505514619076619": {
                "ticket_reacted": false
            },
            "336206330325106689": {
                "ticket_reacted": false
            },
            "820735037476569119": {
                "ticket_reacted": false
            },
            "432484089803702275": {
                "ticket_reacted": false
            },
            "674628528909844520": {
                "ticket_reacted": false
            }
        }
    },
    "blocks": {},
    "custom": {
        "DM.BASED.ENABLED?": false,
        "SERVER.ID": "681190157365280783",
        "TICKETS.CATEGORY.ID": "827521957528207372",
        "CHANNEL.BASED.TICKET.ID": "830776970857545748",
        "cycle": 1,
        "tickets": "827472606688444457",
        "827529943772168202.CHANNEL.ID": "827529945525649438",
        "827529945525649438.ROLE.ID": "336206330325106689",
        "827529943772168202.open": true,
        "827534126634106880.CHANNEL.ID": "827534128118366249",
        "827534128118366249.ROLE.ID": "336206330325106689",
        "827534126634106880.lock": true,
        "827619477595226122.CHANNEL.ID": "827619479445569556",
        "827619479445569556.ROLE.ID": "432484089803702275",
        "827619477595226122.open": true,
        "829422409873752174.CHANNEL.ID": "829422411530633236",
        "829422411530633236.ROLE.ID": "674628528909844520",
        "829422409873752174.open": true
    }
}